"Elazığ, Türkiye"
"Bingöl, Türkiye"
"Tunceli, Türkiye"
"Malatya, Türkiye"
"Erzincan, Türkiye"
"Van, Türkiye"
"Muş, Türkiye"
"Bitlis, Türkiye"
"Hakkari, Türkiye"
"Şırnak, Türkiye"
"Diyarbakır, Türkiye"
"Mardin, Türkiye"
"Şanlıurfa, Türkiye"
"Adıyaman, Türkiye"
"Gaziantep, Türkiye"
"Kilis, Türkiye"
"Kahramanmaraş, Türkiye"
"Osmaniye, Türkiye"
"Adana, Türkiye"
"Mersin, Türkiye"
"Antalya, Türkiye"
"Isparta, Türkiye"
"Burdur, Türkiye"
"Denizli, Türkiye"
"Aydın, Türkiye"
"Muğla, Türkiye"
"İzmir, Türkiye"
"Manisa, Türkiye"
"Uşak, Türkiye"
"Afyonkarahisar, Türkiye"
"Kütahya, Türkiye"
"Eskişehir, Türkiye"
"Ankara, Türkiye"
"Çankırı, Türkiye"
"Kastamonu, Türkiye"
"Sinop, Türkiye"
"Samsun, Türkiye"
"Ordu, Türkiye"
"Giresun, Türkiye"
"Trabzon, Türkiye"
"Rize, Türkiye"
"Artvin, Türkiye"
"Erzurum, Türkiye"
"Kars, Türkiye"
"Ağrı, Türkiye"
"Iğdır, Türkiye"
"Ardahan, Türkiye"
"Bayburt, Türkiye"
"Gümüşhane, Türkiye"
"Amasya, Türkiye"
"Tokat, Türkiye"
"Sivas, Türkiye"
"Yozgat, Türkiye"
"Kırıkkale, Türkiye"
"Kırşehir, Türkiye"
"Nevşehir, Türkiye"
"Aksaray, Türkiye"
"Niğde, Türkiye"
"Konya, Türkiye"
"Karaman, Türkiye"
